{
	"faceGroups":
	[
		{
			"groupID":0,
			"bound":
			{
				"center":
				{
					"x":2.05272,
					"y":-1.06995,
					"z":0.0285506
				}
				,
				"size":
				{
					"x":1.17299,
					"y":2.98474,
					"z":2.97145
				}
			}
		}
		,
		{
			"groupID":1,
			"bound":
			{
				"center":
				{
					"x":-2.30831,
					"y":-1.1457,
					"z":3.02686
				}
				,
				"size":
				{
					"x":1.80614,
					"y":3.06049,
					"z":1.44266
				}
			}
		}
		,
		{
			"groupID":2,
			"bound":
			{
				"center":
				{
					"x":-2.30831,
					"y":-1.14571,
					"z":-1.96623
				}
				,
				"size":
				{
					"x":1.80614,
					"y":3.06049,
					"z":1.55733
				}
			}
		}
	]
}
