{
	"faceGroups":
	[
		{
			"groupID":0,
			"bound":
			{
				"center":
				{
					"x":0.0,
					"y":0.0101762,
					"z":0.232618
				}
				,
				"size":
				{
					"x":1.0,
					"y":1.62207,
					"z":0.0303533
				}
			}
		}
		,
		{
			"groupID":1,
			"bound":
			{
				"center":
				{
					"x":0.0,
					"y":0.0101762,
					"z":0.232618
				}
				,
				"size":
				{
					"x":1.0,
					"y":1.62207,
					"z":0.0303533
				}
			}
		}
		,
		{
			"groupID":2,
			"bound":
			{
				"center":
				{
					"x":-0.397498,
					"y":-0.260519,
					"z":-0.477463
				}
				,
				"size":
				{
					"x":0.0882238,
					"y":0.0794552,
					"z":0.511037
				}
			}
		}
		,
		{
			"groupID":3,
			"bound":
			{
				"center":
				{
					"x":-0.399048,
					"y":-0.260519,
					"z":0.319081
				}
				,
				"size":
				{
					"x":0.079455,
					"y":0.0882236,
					"z":0.511037
				}
			}
		}
		,
		{
			"groupID":4,
			"bound":
			{
				"center":
				{
					"x":0.397497,
					"y":-0.260519,
					"z":0.32063
				}
				,
				"size":
				{
					"x":0.0882238,
					"y":0.0794551,
					"z":0.511037
				}
			}
		}
		,
		{
			"groupID":5,
			"bound":
			{
				"center":
				{
					"x":0.399047,
					"y":-0.260519,
					"z":-0.475914
				}
				,
				"size":
				{
					"x":0.0794549,
					"y":0.0882236,
					"z":0.511037
				}
			}
		}
	]
}
