{
	"faceGroups":
	[
		{
			"groupID":0,
			"bound":
			{
				"center":
				{
					"x":-0.190499,
					"y":-0.000207669,
					"z":-0.225541
				}
				,
				"size":
				{
					"x":0.309501,
					"y":0.0255606,
					"z":1.2692
				}
			}
		}
		,
		{
			"groupID":1,
			"bound":
			{
				"center":
				{
					"x":0.221695,
					"y":0.000356247,
					"z":0.311138
				}
				,
				"size":
				{
					"x":0.721695,
					"y":0.0249967,
					"z":0.732517
				}
			}
		}
		,
		{
			"groupID":2,
			"bound":
			{
				"center":
				{
					"x":-0.397499,
					"y":-0.311623,
					"z":-0.477464
				}
				,
				"size":
				{
					"x":0.0441118,
					"y":0.306623,
					"z":0.0397275
				}
			}
		}
		,
		{
			"groupID":3,
			"bound":
			{
				"center":
				{
					"x":-0.399048,
					"y":-0.311623,
					"z":0.319082
				}
				,
				"size":
				{
					"x":0.0397275,
					"y":0.306623,
					"z":0.0441119
				}
			}
		}
		,
		{
			"groupID":4,
			"bound":
			{
				"center":
				{
					"x":0.397498,
					"y":-0.311623,
					"z":0.320631
				}
				,
				"size":
				{
					"x":0.0441119,
					"y":0.306623,
					"z":0.0397275
				}
			}
		}
		,
		{
			"groupID":5,
			"bound":
			{
				"center":
				{
					"x":0.399047,
					"y":-0.311623,
					"z":-0.475915
				}
				,
				"size":
				{
					"x":0.0397274,
					"y":0.306623,
					"z":0.0441119
				}
			}
		}
	]
}
