{
	"faceGroups":
	[
		{
			"groupID":0,
			"bound":
			{
				"center":
				{
					"x":0.0,
					"y":0.255519,
					"z":1.19209e-07
				}
				,
				"size":
				{
					"x":1.0,
					"y":0.999998,
					"z":0.0303533
				}
			}
		}
		,
		{
			"groupID":1,
			"bound":
			{
				"center":
				{
					"x":0.0,
					"y":0.255519,
					"z":1.19209e-07
				}
				,
				"size":
				{
					"x":1.0,
					"y":0.999998,
					"z":0.0303533
				}
			}
		}
		,
		{
			"groupID":2,
			"bound":
			{
				"center":
				{
					"x":-0.397498,
					"y":-0.0151761,
					"z":-0.399046
				}
				,
				"size":
				{
					"x":0.0882238,
					"y":0.0794552,
					"z":0.511037
				}
			}
		}
		,
		{
			"groupID":3,
			"bound":
			{
				"center":
				{
					"x":-0.399048,
					"y":-0.0151764,
					"z":0.397498
				}
				,
				"size":
				{
					"x":0.079455,
					"y":0.0882236,
					"z":0.511037
				}
			}
		}
		,
		{
			"groupID":4,
			"bound":
			{
				"center":
				{
					"x":0.397497,
					"y":-0.0151765,
					"z":0.399047
				}
				,
				"size":
				{
					"x":0.0882238,
					"y":0.0794551,
					"z":0.511037
				}
			}
		}
		,
		{
			"groupID":5,
			"bound":
			{
				"center":
				{
					"x":0.399047,
					"y":-0.0151762,
					"z":-0.397497
				}
				,
				"size":
				{
					"x":0.0794549,
					"y":0.0882236,
					"z":0.511037
				}
			}
		}
	]
}
