{
	"faceGroups":
	[
		{
			"groupID":0,
			"bound":
			{
				"center":
				{
					"x":0.0,
					"y":-0.0192508,
					"z":0.0101762
				}
				,
				"size":
				{
					"x":1.0,
					"y":0.999998,
					"z":0.0303533
				}
			}
		}
		,
		{
			"groupID":1,
			"bound":
			{
				"center":
				{
					"x":0.0,
					"y":-0.0192508,
					"z":0.0101762
				}
				,
				"size":
				{
					"x":1.0,
					"y":0.999998,
					"z":0.0303533
				}
			}
		}
		,
		{
			"groupID":2,
			"bound":
			{
				"center":
				{
					"x":0.397498,
					"y":0.379795,
					"z":-0.260519
				}
				,
				"size":
				{
					"x":0.0882238,
					"y":0.0794552,
					"z":0.511037
				}
			}
		}
		,
		{
			"groupID":3,
			"bound":
			{
				"center":
				{
					"x":0.399048,
					"y":-0.416749,
					"z":-0.260519
				}
				,
				"size":
				{
					"x":0.079455,
					"y":0.0882236,
					"z":0.511037
				}
			}
		}
		,
		{
			"groupID":4,
			"bound":
			{
				"center":
				{
					"x":-0.397497,
					"y":-0.418298,
					"z":-0.260519
				}
				,
				"size":
				{
					"x":0.0882238,
					"y":0.0794551,
					"z":0.511037
				}
			}
		}
		,
		{
			"groupID":5,
			"bound":
			{
				"center":
				{
					"x":-0.399047,
					"y":0.378246,
					"z":-0.260519
				}
				,
				"size":
				{
					"x":0.0794549,
					"y":0.0882236,
					"z":0.511037
				}
			}
		}
	]
}
