{
	"faceGroups":
	[
		{
			"groupID":0,
			"bound":
			{
				"center":
				{
					"x":0.562399,
					"y":2.01785,
					"z":-0.287999
				}
				,
				"size":
				{
					"x":1.13389,
					"y":0.348091,
					"z":1.31318
				}
			}
		}
		,
		{
			"groupID":1,
			"bound":
			{
				"center":
				{
					"x":-0.59608,
					"y":3.38538,
					"z":-0.293107
				}
				,
				"size":
				{
					"x":1.13389,
					"y":0.348091,
					"z":1.31318
				}
			}
		}
		,
		{
			"groupID":2,
			"bound":
			{
				"center":
				{
					"x":0.562399,
					"y":3.41114,
					"z":-0.293107
				}
				,
				"size":
				{
					"x":1.13389,
					"y":0.348091,
					"z":1.31318
				}
			}
		}
		,
		{
			"groupID":3,
			"bound":
			{
				"center":
				{
					"x":-0.59608,
					"y":2.01785,
					"z":-0.293107
				}
				,
				"size":
				{
					"x":1.13389,
					"y":0.348091,
					"z":1.31318
				}
			}
		}
		,
		{
			"groupID":4,
			"bound":
			{
				"center":
				{
					"x":-0.00328982,
					"y":2.16431,
					"z":-0.102347
				}
				,
				"size":
				{
					"x":2.89623,
					"y":0.889884,
					"z":4.42481
				}
			}
		}
	]
}
