{
	"faceGroups":
	[
		{
			"groupID":0,
			"bound":
			{
				"center":
				{
					"x":102.475,
					"y":239.257,
					"z":4.46607
				}
				,
				"size":
				{
					"x":2.92197,
					"y":10.981,
					"z":2.12152
				}
			}
		}
		,
		{
			"groupID":1,
			"bound":
			{
				"center":
				{
					"x":117.175,
					"y":239.257,
					"z":4.46607
				}
				,
				"size":
				{
					"x":2.92203,
					"y":10.981,
					"z":2.12152
				}
			}
		}
		,
		{
			"groupID":2,
			"bound":
			{
				"center":
				{
					"x":119.473,
					"y":91.415,
					"z":-15.4278
				}
				,
				"size":
				{
					"x":30.1662,
					"y":167.792,
					"z":19.1085
				}
			}
		}
		,
		{
			"groupID":3,
			"bound":
			{
				"center":
				{
					"x":46.906,
					"y":91.0087,
					"z":-26.4582
				}
				,
				"size":
				{
					"x":54.0004,
					"y":58.9602,
					"z":4.79141
				}
			}
		}
		,
		{
			"groupID":4,
			"bound":
			{
				"center":
				{
					"x":-62.9353,
					"y":91.0086,
					"z":-26.4561
				}
				,
				"size":
				{
					"x":53.2034,
					"y":58.9602,
					"z":4.7893
				}
			}
		}
		,
		{
			"groupID":5,
			"bound":
			{
				"center":
				{
					"x":-129.609,
					"y":63.8485,
					"z":-23.9176
				}
				,
				"size":
				{
					"x":37.9536,
					"y":195.162,
					"z":23.3249
				}
			}
		}
		,
		{
			"groupID":6,
			"bound":
			{
				"center":
				{
					"x":-127.094,
					"y":238.198,
					"z":1.36775
				}
				,
				"size":
				{
					"x":10.4121,
					"y":12.0405,
					"z":1.99673
				}
			}
		}
		,
		{
			"groupID":7,
			"bound":
			{
				"center":
				{
					"x":-7.93113,
					"y":267.667,
					"z":8.7041
				}
				,
				"size":
				{
					"x":159.923,
					"y":25.5434,
					"z":42.1168
				}
			}
		}
	]
}
